,Date de publication,Intitulé du poste,Compétences,Lieu,Salaire minimum,Salaire maximum,Type de contrat,Nom de la société,Poste,Poste_class,Niveau
0,2022-12-25,Data Analyst - Publicité,"sql, t-sql, outils",paris,,,CDI,sept lieues,Data analyst,Data,Analyst
1,2022-12-16,Data analyst - H/F,"support, outils, agile, design, big data",paris,,,CDI,edf france,Data analyst,Data,Analyst
2,2022-12-19,Customer Data Analyst (H/F),"crm, data quality, sql, sas, python",paris,,,CDI,hermes,Data analyst,Data,Analyst
3,2022-12-25,Master Data Analyst H/F,"si, support, sap",moussy,,,CDI,tereos,Data analyst,Data,Analyst
4,2023-01-12,Portfolio Data Analyst H/F,"outils, support, decisionnel, sql, test",île-de-france,,,CDI,safran,Data analyst,Data,Analyst
5,2022-12-31,Data Analyst BO/Qlick Sense (h/f),"support, sql, data management, business objects, t-sql",maisons-alfort,45000.0,50000.0,CDD/Intérim,fed it,Data analyst,Data,Analyst
6,2022-12-18,Product Data Analyst - BI - H/F,"cloud, paas, qlik, iaas, support",paris,,,CDI,cegid,Data analyst,Data,Analyst
7,2022-12-16,Data Analyst / Chef de Projet BI (h/f),"data management, business intelligence, bases de données",paris,60000.0,62000.0,CDI,fed it,Data analyst,Data,Managment
8,2023-01-14,Business analyst senior DATA CRM - Paris H/F,"crm, agile, decisionnel, réseau, réseau",paris,,,CDI,credit agricole,Data analyst,Data,Analyst
9,2023-01-02,Data scientist / Analyst and software development F/H,"big data, scrum, intelligence artificielle, electronique, maintenance",rueil-malmaison,,,Stage,vinci,Data analyst,Data,Analyst
10,2023-01-02,Data Analyst (H/F) – Mobile Gaming - Gaminho,"mobile, marketing, outils, t-sql, sql",paris,,,CDI,paris&co,Data analyst,Data,Analyst
11,2023-01-01,Responsable Analyses et Data Relation Clients Assurances Dommages-(H/F),"sas, téléphonie, serveur, communication",la-defense,,,CDI,societe generale,Data analyst,Data,Managment
12,2023-01-12,DATA INGENIEUR F/H,"digital, outils, cloud, webmarketing, marketing",suresnes,,,CDI,fyte,Data ingenier,Data,Ingénieur
13,2023-01-01,Alternant - Data Analyst - statistiques prédictiveset connaissance client (H/F),"outils, marketing, digital, machine learning, python",saint-ouen,,,CDI,engie,Data analyst,Data,Analyst
14,2022-12-18,Data Scientist - CDI,"marketing, data management, support",rueil-malmaison,60000.0,65000.0,CDI,fed it,Data scientist,Data,Scientist
15,2023-01-06,Ingénieur MCO CyberSOC F/H,"sécurité, securité, si, réseau, outils",puteaux,,,CDI,i-tracing,Cyber,Net,Ingénieur
16,2023-01-13,Consultant Data h/f,"big data, oracle, cloud, sap, python",paris,60000.0,70000.0,CDI,selescope,Data consultant,Data,Expert
17,2023-01-13,DATA ENGINEER BIG DATA - H/F,"big data, python, support, intelligence artificielle, hadoop",paris,,,CDI,banque de france,Big Data,Data,Ingénieur
18,2023-01-01,DATA QUALITY MANAGER-(H/F),"data quality, marketing",fontenay-sous-bois,,,CDI,societe generale,Data manager,Data,Managment
19,2023-01-10,Chef de projets data - analytics H/F,"marketing, outils, digital, ux, mobile",gennevilliers,60000.0,70000.0,CDI,hays france,Data analyst,Data,Managment
20,2022-12-24,Senior Data Engineer - WINGLET.IO,"scala, data quality, edge, python, big data",paris,,,CDI,paris&co,Data ingenier,Data,Ingénieur
21,2023-01-14,Responsable Etudes et Projets SI H/F,"si, data management, data quality, méthodologie, outils",boulogne-billancourt,55000.0,60000.0,CDI,michael page,Chef de projets,Support,Managment
22,2022-12-21,Ingénieur BI & Big Data stagiaire F/H,"big data, bases de données, nosql, système, decisionnel",saint-germain-en-laye,,,Stage,trimane,Big Data,Data,Ingénieur
23,2022-12-25,Stage BI & Big Data #3 F/H,"big data, business intelligence, machine learning, outils, nosql",saint-germain-en-laye,,,Stage,trimane,Big Data,Data,Stage/Alternance/Apprenti
24,2022-12-17,Ingénieur d’affaires / Business Developer–Data h/f,"business intelligence, crm, intelligence artificielle, système, réseau",suresnes,70000.0,100000.0,CDI,selescope,Data ingenier,Data,Ingénieur
25,2022-12-27,Business Developer – IA / Data Analytics h/f,"intelligence artificielle, business intelligence, crm, système, réseau",suresnes,70000.0,100000.0,CDI,selescope,Data analyst,Data,Développeur
26,2023-01-14,Business Analyst / Solution Owner - Life Sciences,"si, multimédia, acquisition, télécoms",île-de-france,,,CDI,modis,Business analyst,Business,Analyst
27,2022-12-16,Data Engineer - H/F,"outils, big data, python, devops, agile",paris,,,CDI,edf france,Data ingenier,Data,Ingénieur
28,2023-01-14,Business Analyst / Business Intelligence,"business intelligence, marketing, intelligence artificielle",rueil-malmaison,35000.0,45000.0,CDI,fed it,Business analyst,Business,Analyst
29,2023-01-10,Stagiaire Ingénieur Big Data/ Intelligence Artificielle H/F H/F,"big data, intelligence artificielle, nosql, python, hadoop",île-de-france,,,Stage,direct energie,Big Data,Data,Ingénieur
30,2023-01-01,Global Technical SEO Manager,"seo, communication, network, access, rails",paris,,,CDI,careerbuilder,Other,Other,Technicien
31,2023-01-02,Technicien Support Informatique H/F,"support, wan, windows, outils, exchange",île-de-france,,,CDI,umanis,Technicien informatique,Génie informatique,Technicien
32,2023-01-06,Investor Relations Professional,"communication, support, database, crm, access",rueil-malmaison,,,CDI,societe generale,Operationnel,Support,Autre
33,2022-12-24,AGILE BUSINESS ANALYST,"agile, si, support, devops, sql",île-de-france,,,CDI,societe generale,Business analyst,Business,Analyst
34,2022-12-25,Alternance - Analyse de sensibilité des données métier et mise en oeuvre du référentiel data/big data - H/F,"outils, big data, si, réseau, securité",paris,,,Contrat de professionnalisation,edf france,Data analyst,Data,Managment
35,2023-01-06,DATA SCIENTIST,"hadoop, machine learning, outils, bases de données, sql",val-de-marne,,,CDI,societe generale,Data scientist,Data,Scientist
36,2022-12-24,Junior Data Scientist - WINGLET.IO,"sql, python, scala, t-sql, edge",paris,,,CDI,paris&co,Data scientist,Data,Scientist
37,2022-12-24,Senior Data Scientist - WINGLET.IO,"sql, python, scala, t-sql, edge",paris,,,CDI,paris&co,Data scientist,Data,Scientist
38,2022-12-17,Data Scientist,"machine learning, méthodologie, agile",paris,45000.0,70000.0,CDI,key consulting,Data scientist,Data,Scientist
39,2023-01-14,Stage Data Analyst-(H/F),"outils, perl, vba, test, data management",la-defense,,,CDI,societe generale,Data analyst,Data,Analyst
40,2023-01-08,Digital Analyst eCommerce (H/F),"digital, outils, e-commerce, marketing, internet",massy,,,CDI,carrefour,Data analyst,Data,Analyst
41,2022-12-24,DATA QUALITY COORDINATION MANAGER-(H/F),"data quality, big data, devops, flex, decisionnel",fontenay-sous-bois,,,CDI,societe generale,Data manager,Data,Managment
42,2023-01-13,Ingénieur Cybersécurité H/F,"sécurité, securité, blockchain, devops, design",paris,,,CDI,cap fi technology,Cyber,Net,Ingénieur
43,2022-12-29,Business analyst (Data) - Client final (Private Equity)  - CDI - 50/80K€ - 75,"recette, si, big data, intelligence artificielle",paris,50000.0,80000.0,CDI,mr search,Data analyst,Data,Analyst
44,2023-01-13,ADJOINT AU RESPONSABLE DES SOLUTIONS BUSINESS INTELLIGENCE - H/F,"sap, sas, informatica, business intelligence, microsoft",noisiel,,,CDI,banque de france,Business intelligence,Business,Managment
45,2022-12-25,Consultant Cognos F/H,"cognos, etl, ibm, framework, outils",île-de-france,,,CDI,trimane,Business intelligence,Business,Expert
46,2022-12-24,Chief Data Scientist-(H/F),"python, framework, tensorflow, agile, intelligence artificielle",la-defense,,,CDI,societe generale,Data scientist,Data,Scientist
47,2023-01-06,Data Science Engineer - Danone IS/IT,"big data, java, data management, support, javascript",saint-ouen,,,CDI,danone,Data ingenier,Data,Ingénieur
48,2022-12-24,Analyste Fonctionnel BI Microsoft (H/F),"microsoft, outils, sql server, sql, securité",île-de-france,,,CDI,engie,Business analyst,Business,Analyst
49,2022-12-31,Stage - Chargé de projet data référentiel clients-(H/F),"si, data management, digital",colombes,,,CDI,societe generale,Data other,Data,Managment
50,2022-12-16,DATA MANAGER H/F,sas,levallois-perret,,,CDI,uti,Data manager,Data,Managment
51,2022-12-31,Expert Data Protection & Data Privacy Management,"data management, si, securité, outils, sécurité",hauts-de-seine,,,CDI,societe generale,Data manager,Data,Expert
52,2022-12-26,Expert Data Protection & Data Privacy Management-(H/F),"data management, si, securité, outils, big data",la-defense,,,CDI,societe generale,Data manager,Data,Expert
53,2022-12-25,Chef de projet Data,agile,paris,30000.0,60000.0,CDI,nexton consulting,Chef de projet data,Data,Managment
54,2022-12-26,Responsable Protection des Données Personnelles pour le Data Office Groupe-(H/F),"data management, si, securité, outils, big data",la-defense,,,CDI,societe generale,DPO,Data,Managment
55,2022-12-18,2016-433 - Data Engineer H/F,"marketing, hadoop, crm, java, python",paris,,,CDI,seloger,Data ingenier,Data,Ingénieur
56,2022-12-26,Data Scientist – STAGE 6 mois,"vba, système",courbevoie,,,CDI,engie,Data scientist,Data,Scientist
57,2022-12-24,Stagiaire ingénieur de test (H/F),"test, big data, recette, outils, communication",massy,,,Stage,carrefour,Developpement test,Génie informatique,Ingénieur
58,2022-12-22,Architecte logiciel (H/F),"si, web, salesforce, infrastructure, cloud",levallois-perret,,,CDI,edifixio,Developpement logiciel,Génie informatique,Architecte
59,2022-12-16,Chef de Projet Web Analyses F/H,"web, recette, digital, marketing, data management",boulogne-billancourt,,,CDI,federation francaise de tennis,Developpement web,Génie informatique,Managment
60,2022-12-25,Data Analyst - Publicité,"sql, t-sql, outils",paris,,,CDI,sept lieues,Data analyst,Data,Analyst
61,2022-12-16,Data analyst - H/F,"support, outils, agile, design, big data",paris,,,CDI,edf france,Data analyst,Data,Analyst
62,2022-12-19,Customer Data Analyst (H/F),"crm, data quality, sql, sas, python",paris,,,CDI,hermes,Data analyst,Data,Analyst
63,2022-12-25,Master Data Analyst H/F,"si, support, sap",moussy,,,CDI,tereos,Data analyst,Data,Analyst
64,2023-01-12,Portfolio Data Analyst H/F,"outils, support, decisionnel, sql, test",île-de-france,,,CDI,safran,Data analyst,Data,Analyst
65,2022-12-31,Data Analyst BO/Qlick Sense (h/f),"support, sql, data management, business objects, t-sql",maisons-alfort,45000.0,50000.0,CDD/Intérim,fed it,Data analyst,Data,Analyst
66,2022-12-18,Product Data Analyst - BI - H/F,"cloud, paas, qlik, iaas, support",paris,,,CDI,cegid,Data analyst,Data,Analyst
67,2022-12-16,Data Analyst / Chef de Projet BI (h/f),"data management, business intelligence, bases de données",paris,60000.0,62000.0,CDI,fed it,Data analyst,Data,Managment
68,2023-01-14,Business analyst senior DATA CRM - Paris H/F,"crm, agile, decisionnel, réseau, réseau",paris,,,CDI,credit agricole,Data analyst,Data,Analyst
69,2023-01-02,Data scientist / Analyst and software development F/H,"big data, scrum, intelligence artificielle, electronique, maintenance",rueil-malmaison,,,Stage,vinci,Data analyst,Data,Analyst
70,2023-01-02,Data Analyst (H/F) – Mobile Gaming - Gaminho,"mobile, marketing, outils, t-sql, sql",paris,,,CDI,paris&co,Data analyst,Data,Analyst
71,2023-01-01,Responsable Analyses et Data Relation Clients Assurances Dommages-(H/F),"sas, téléphonie, serveur, communication",la-defense,,,CDI,societe generale,Data analyst,Data,Managment
72,2023-01-12,DATA INGENIEUR F/H,"digital, outils, cloud, webmarketing, marketing",suresnes,,,CDI,fyte,Data ingenier,Data,Ingénieur
73,2023-01-01,Alternant - Data Analyst - statistiques prédictiveset connaissance client (H/F),"outils, marketing, digital, machine learning, python",saint-ouen,,,CDI,engie,Data analyst,Data,Analyst
74,2022-12-18,Data Scientist - CDI,"marketing, data management, support",rueil-malmaison,60000.0,65000.0,CDI,fed it,Data scientist,Data,Scientist
75,2023-01-06,Ingénieur MCO CyberSOC F/H,"sécurité, securité, si, réseau, outils",puteaux,,,CDI,i-tracing,Cyber,Net,Ingénieur
76,2023-01-13,Consultant Data h/f,"big data, oracle, cloud, sap, python",paris,60000.0,70000.0,CDI,selescope,Data consultant,Data,Expert
77,2023-01-13,DATA ENGINEER BIG DATA - H/F,"big data, python, support, intelligence artificielle, hadoop",paris,,,CDI,banque de france,Big Data,Data,Ingénieur
78,2023-01-01,DATA QUALITY MANAGER-(H/F),"data quality, marketing",fontenay-sous-bois,,,CDI,societe generale,Data manager,Data,Managment
79,2023-01-10,Chef de projets data - analytics H/F,"marketing, outils, digital, ux, mobile",gennevilliers,60000.0,70000.0,CDI,hays france,Data analyst,Data,Managment
80,2023-01-06,Ingénieur Sécurité Cloud F/H,"securité, sécurité, cloud, si, iaas",puteaux,,,CDI,i-tracing,Cyber cloud,Net,Ingénieur
81,2023-01-14,CONTRÔLEUR DATA QUALITY - H/F,"data quality, sas, système, méthodologie, support",paris,,,CDI,banque de france,Data controler,Data,Technicien
82,2022-12-24,FULL STACK WEB DATA VIZ-(H/F),"web, javascript, open source, d3, angularjs",fontenay-sous-bois,,,CDI,societe generale,Data viz,Data,Autre
83,2023-01-06,Architecte Sécurité Cloud F/H,"securité, sécurité, cloud, si, iaas",puteaux,,,CDI,i-tracing,Cyber cloud,Net,Architecte
84,2022-12-22,Developpeur Junior (H/F),"si, web, infrastructure, cloud, salesforce",levallois-perret,,,CDI,edifixio,Developpement logiciel,Génie informatique,Développeur
85,2022-12-22,Consultant technico - fonctionnel Salesforce H/F,"si, cloud, salesforce, web, infrastructure",levallois-perret,,,CDI,edifixio,Commercial,Support,Expert
86,2023-01-11,Chef de projet informatique fonctionnel BI,"t-sql, recette, sql, database, maintenance",tilly,,,CDI,chronopost,Business intelligence,Business,Managment
87,2023-01-09,Apprenti(e) – Assistant(e) décisionnel Business Intelligence/Big Data H/F,"big data, decisionnel, système, support, business intelligence",tremblay-en-france,,,Contrat d'apprentissage,air france,Big Data,Data,Stage/Alternance/Apprenti
88,2023-01-13,2018-788 - Stage - Data et Monétisation H/F,"digital, support, sql, outils, marketing",neuilly-sur-seine,,,CDI,m6,Data other,Data,Stage/Alternance/Apprenti
89,2022-12-22,Développeur Full Stack (H/F),"si, web, salesforce, infrastructure, html5",île-de-france,,,CDI,edifixio,Developpement full stack,Génie informatique,Développeur
90,2023-01-08,Technicien de maintenance et support utilisateurs H/F,"maintenance, support, securité, réseau, cloud",guyancourt,,,CDI,spie ics,Operationnel,Support,Technicien
91,2022-12-25,IT EXPERT SOLUTIONS (MDM) H/F,"si, talend, data management, support, test",moussy,,,CDI,tereos,Other,Other,Expert
92,2022-12-16,STAGE BI Analyste H/F - Juillet 2019,"outils, support, video, decisionnel, data management",saint-ouen,,,CDI,danone,Business analyst,Business,Analyst
93,2022-12-29,Senior Data Scientist - Services H/F,"sql, data lab, machine learning, support, big data",île-de-france,,,CDI,safran,Data scientist,Data,Scientist
94,2023-01-04,Model Builder / Consultant fonctionnel Anaplan,"internet, support, support applicatif, design, moe",paris,,,CDI,criteo,Business intelligence,Business,Expert
95,2023-01-14,Ingénieur Réseau/Sécurité H/F,"sécurité, securité, réseau, lan, support",paris,45000.0,60000.0,CDI,uniware global services,Cyber,Net,Ingénieur
96,2022-12-24,Manager Leader – Business Analyst Titres (H/F),"agile, scrum, moa, progiciel, système",île-de-france,,,CDI,natixis,Business analyst,Business,Managment
97,2023-01-14,Ingénieur Docker/Kubernetes/Jenkins/Ansible H/F,"devops, jenkins, outils, linux, infrastructure",neuilly-sur-seine,42000.0,60000.0,CDI,uniware global services,Other,Other,Ingénieur
98,2023-01-14,Ingénieur Virtualisation H/F,"support, vmware, python, javascript, securité",neuilly-sur-seine,40000.0,55000.0,CDI,uniware global services,Data ingenier,Data,Ingénieur
99,2023-01-10,Ingénieur Etudes et Développement Qlik H/F,"qlik, agile, qlikview, sql, support",île-de-france,,,CDI,direct energie,Developpement logiciel,Génie informatique,Ingénieur
100,2022-12-19,Post-Doctorant IA/Big Data H/F,"digital, big data, machine learning, intelligence artificielle, bases de données",paris,,,CDI,business&decision,Big Data,Data,Doctorant
101,2023-01-08,Responsable Développement Supply Chain (f/h) - CDI,"support, communication, big data, cloud, hadoop",lisses,57000.0,62000.0,CDI,fed it,Business other,Génie informatique,Managment
102,2023-01-14,Ingénieur Système VMWare H/F,"vmware, support, windows, microsoft, système",neuilly-sur-seine,40000.0,55000.0,CDI,uniware global services,Infrastructures,Net,Ingénieur
103,2022-12-16,Consultant BI junior - Direction Technique F/H,"business intelligence, big data, java, outils, sql",saint-germain-en-laye,,,CDI,trimane,Business intelligence,Business,Expert
104,2023-01-14,Ingénieur Cloud Opensource H/F,"cloud, saas, paas, iaas, infrastructure",paris,40000.0,60000.0,CDI,uniware global services,Ingenieurie cloud,Net,Ingénieur
105,2022-12-30,Application Engineer,"lattice, python, aix, design",le-plessis-robinson,,,CDI,csmunication&systemes,Developpement application,Génie informatique,Ingénieur
106,2022-12-26,Stage - Chargé d'intégration de nouvelles sources de données dans le datalake et transformation en PySpark-(H/F),"outils, si, langage, big data, python",fontenay-sous-bois,,,CDI,societe generale,Data other,Data,Stage/Alternance/Apprenti
107,2023-01-02,AGILE BUSINESS ANALYST-(H/F),"agile, data quality, big data, data management, méthodologie",fontenay-sous-bois,,,CDI,societe generale,Business analyst,Business,Analyst
108,2023-01-14,Ingénieur de Production $U H/F,"windows, unix, cft, réseau, outils",paris,40000.0,60000.0,CDI,uniware global services,Operationnel,Support,Ingénieur
109,2023-01-14,Ingénieur Réseau Cisco H/F,"réseau, cisco, réseau, sécurité, securité",paris,40000.0,60000.0,CDI,uniware global services,Infrastructures,Net,Ingénieur
110,2023-01-14,Conultant/Analyste Décisionnel ETL (Qlikview & Talend)- H/F,"sap, qlikview, etl, talend, qlik",antony,,,CDI,,Business analyst,Business,Analyst
111,2022-12-16,Chef de projet Data MOA – Banque des Territoires,"si, moa, moe, agile, outils",paris,,,CDI,caisse des depots,Chef de projet data,Data,Managment
112,2023-01-12,Apprenti Data Visualisation (H/F),"securité, sécurité, réseau, communication, outils",vélizy-villacoublay,,,Contrat d'apprentissage,thales services,Data viz,Data,Stage/Alternance/Apprenti
113,2022-12-18,Data Scientist,"machine learning, less, big data, hadoop, exchange",paris,,,CDI,criteo,Data scientist,Data,Scientist
114,2022-12-30,Alternance - Data Project Manager-(H/F),"si, data management, méthodologie, outils, machine learning",fontenay-sous-bois,,,CDI,societe generale,Data manager,Data,Managment
115,2023-01-13,Data scientist senior H/F,"marketing, python, java, intelligence artificielle, système",poissy,,,CDI,psa,Data scientist,Data,Scientist
116,2022-12-29,Architecte technique Big Data H/F,"big data, outils, système, hadoop, scala",île-de-france,,,CDI,safran,Big Data,Data,Architecte
117,2022-12-29,Senior Data Scientist - Manufacturing H/F,"sql, data lab, machine learning, big data, scala",île-de-france,,,CDI,safran,Data scientist,Data,Scientist
118,2022-12-16,Consultant QlikSense F/H,"big data, qlik, outils, business intelligence",île-de-france,,,CDI,trimane,Other,Other,Expert
119,2022-12-16,DCEO Cluster Manager,"maintenance, communication, infrastructure, design",paris,,,CDI,amazon,Other,Other,Managment
120,2022-12-19,Développeur VBA / Excel (H/F) – Paris (75),"vba, web, langage, t-sql, sql",paris,30000.0,50000.0,CDI,synchrone,Developpement logiciel,Génie informatique,Développeur
121,2022-12-16,Stage - Business Analyst IT - H/F,"java, infrastructure, angularjs, devops, big data",courbevoie,,,Stage,,Business analyst,Business,Analyst
122,2022-12-24,Business Analyst (H/F),"test, recette, validation, mobile, moa",île-de-france,,,CDI,infotel,Business analyst,Business,Analyst
123,2022-12-16,Consultant Confirmé Talend F/H,"talend, moa, recette, optimisation, outils",île-de-france,,,CDI,trimane,Business intelligence,Business,Expert
124,2022-12-24,Ingénieur études et développement PHP (H/F),"php, php5, javascript, angularjs, symfony",paris,,,CDI,infotel,Developpement web,Génie informatique,Ingénieur
125,2023-01-12,Ingénieurs MiddleWare H/F,"middleware, support, infrastructure, optimisation, python",paris,45000.0,60000.0,CDI,uniware global services,Middleware,Net,Ingénieur
126,2023-01-12,Architecte Infrastructure IT H/F,"infrastructure, support, si, système",paris,40000.0,60000.0,CDI,uniware global services,Infrastructures,Net,Architecte
127,2023-01-12,Ingénieur Cloud AWS H/F,"cloud, support, python, paas, securité",paris,38000.0,56000.0,CDI,uniware global services,Ingenieurie cloud,Net,Ingénieur
128,2023-01-05,Product Owner - vision 360 Tiers en environnement Big Data-(H/F),"big data, marketing, méthodologie, communication",la-defense,,,CDI,societe generale,Big Data,Data,Autre
129,2022-12-24,Stage - Assistant Maitrise d'ouvrage bancaire qualité des données-(H/F),"si, decisionnel, data quality",la-defense,,,CDI,societe generale,Data other,Data,Stage/Alternance/Apprenti
130,2022-12-29,Data/Software Engineer H/F,"bases de données, outils, linux, big data, python",île-de-france,,,CDI,safran,Data ingenier,Data,Ingénieur
131,2022-12-16,Consultant Sénior Cognos F/H,"cognos, framework, etl, big data, outils",île-de-france,,,CDI,trimane,Business intelligence,Business,Expert
132,2023-01-01,Expert technique H/F,"sécurité, securité, outils, windows, communication",paray-vieille-poste,,,CDD/Intérim,ergalis,Auditeur/Expert,Support,Expert
133,2022-12-29,Stage - Analyses de données sur la durée de vie des freins carbone H/F,"support, data management, big data, bases de données",île-de-france,,,Stage,safran,Data analyst,Data,Stage/Alternance/Apprenti
134,2022-12-21,Data manager H/F,"outils, digital, plm, support, moa",pantin,,,CDI,hermes,Data manager,Data,Managment
135,2022-12-29,Stage Ingénieur développement d'algorithmes d'analyse de données de vol H/F,"electronique, outils, validation, data management",île-de-france,,,Stage,safran,Data analyst,Data,Ingénieur
136,2022-12-19,2019-MOA-Data-30912 - Chef de projets MOA Data H/F,"moa, si, crm, support, agile",paris,,,CDI,groupama,Chef de projet data,Data,Managment
137,2022-12-22,Développeur Big Data / Python (H/F),"python, maintenance, support, sécurité, big data",île-de-france,,,CDI,engie,Big Data,Data,Développeur
138,2023-01-08,Alternance - Assistant marketing private market-(H/F),"marketing, si, support, data management, réseau",colombes,,,CDI,societe generale,Marketing,Business,Stage/Alternance/Apprenti
139,2023-01-14,Architecte Poste de Travail H/F,"poste de travail, microsoft, support, cloud, infrastructure",paris,50000.0,70000.0,CDI,uniware global services,Chef de projets,Support,Architecte
140,2023-01-12,Ingénieur de production Cloud H/F,"cloud, securité, devops, sécurité, si",paris,50000.0,60000.0,CDI,uniware global services,Ingenieurie cloud,Net,Ingénieur
141,2023-01-12,Ingénieur Réseaux et Sécurité H/F,"réseau, sécurité, securité, infrastructure, wan",paris,38000.0,55000.0,CDI,uniware global services,Cyber,Net,Ingénieur
142,2022-12-16,Ingénieur QA H/F,"digital, devops, web, android, open source",paris,,,CDI,kisio,Responsable qualité,Support,Ingénieur
143,2023-01-01,Stage Ingénieur développement d'algorithmes d'analyse de données de vol H/F,"electronique, outils, validation, data management",île-de-france,,,Stage,safran,Data analyst,Data,Ingénieur
144,2023-01-12,Ingénieurs de Production Unix/Linux/Windows H/F,"linux, unix, windows, hp, infrastructure",paris,38000.0,55000.0,CDI,uniware global services,Developpement logiciel,Génie informatique,Ingénieur
145,2022-12-19,Networking Cloud Support Engineer AWS,"support, cloud, network, linux, windows",courbevoie,,,CDI,amazon,Ingenieurie cloud,Net,Ingénieur
146,2023-01-12,Ingénieur Systèmes Linux / DevOps H/F,"linux, devops, infrastructure, mongodb, apache",paris,,,CDI,uniware global services,Developpement logiciel,Génie informatique,Ingénieur
147,2022-12-26,Ingénieur DevOps H/F,"devops, outils, linux, infrastructure, jenkins",paris,40000.0,60000.0,CDI,uniware global services,Developpement agile,Génie informatique,Ingénieur
148,2022-12-16,Alternance - Bigdata DataScience - H/F,"réseau, si, infrastructure, réseau, big data",palaiseau,,,Contrat de professionnalisation,edf france,Data scientist,Data,Stage/Alternance/Apprenti
149,2023-01-14,Ingénieur de production Cloud H/F,"cloud, devops, sécurité, securité, sql server",neuilly-sur-seine,45000.0,60000.0,CDI,uniware global services,Ingenieurie cloud,Net,Ingénieur
150,2022-12-25,Ingénieur/développeur en IA,"intelligence artificielle, outils, réseau, machine learning, big data",paris,,,CDI,iliad-free,Developpement logiciel,Génie informatique,Ingénieur
151,2022-12-19,Consultant(e) Web Analyst H/F,"digital, web, outils, javascript, recette",paris,,,CDI,business&decision,Developpement web,Génie informatique,Expert
152,2022-12-26,Chef de projet CRM H/F,"crm, web, marketing, design, pack office",seine-saint-denis,,,CDI,printemps,Chef de projets,Support,Managment
153,2022-12-25,Développeur Java / J2ee (H/F) – Paris (75),"java, j2ee, web, jboss, sécurité",paris,45000.0,65000.0,CDI,synchrone,Developpement web,Génie informatique,Développeur
154,2022-12-29,Stage - Ingénierie Linguistique : détection de similarité sémantique - H/F,"outils, python, langage, si, git",palaiseau,,,Stage,edf france,Other,Other,Stage/Alternance/Apprenti
155,2023-01-06,Développeur cloud interne d'Orange France,"cloud, si, iaas, windows, saas",île-de-france,,,CDI,orange,Ingenieurie cloud,Net,Développeur
156,2023-01-14,Ingénieur Cloud Azure H/F,"cloud, web, devops, python, infrastructure",neuilly-sur-seine,40000.0,60000.0,CDI,uniware global services,Ingenieurie cloud,Net,Ingénieur
157,2022-12-16,CDI Chef de projet BI H/F,"outils, decisionnel, support, business objects, business intelligence",paris,,,CDI,tf1,Business intelligence,Business,Managment
158,2022-12-25,Développeur Angular (H/F) – Paris (75),"angularjs, agile, web, framework, outils",paris,30000.0,50000.0,CDI,synchrone,Developpement web,Génie informatique,Développeur
159,2023-01-14,Assistant chef de projet Social Media (paris sportifs) H/F,"réseau sociaux, réseau, outils, acquisition, jquery",boulogne-billancourt,,,Stage,francaise des jeux,Other,Other,Managment
160,2022-12-30,Alternance - Ingénieur Etude et Développement-(H/F),"si, java, support, angularjs, outils",fontenay-sous-bois,,,CDI,societe generale,Developpement logiciel,Génie informatique,Ingénieur
161,2022-12-16,Développeur iOS H/F,"digital, ios, android, swift, web",paris,,,CDI,kisio,Developpement application,Génie informatique,Développeur
162,2022-12-16,Développeur Backend C++/Python H/F,"digital, c++, devops, python, web",paris,,,CDI,kisio,Developpement backend,Génie informatique,Développeur
163,2023-01-14,Expert Middleware H/F,"middleware, weblogic, unix, support, tomcat",paris,40000.0,60000.0,CDI,uniware global services,Middleware,Net,Expert
164,2022-12-22,Expert Protection des Données Personnelles et Digitales H/F,"si, sécurité, data management, securité, réseau",île-de-france,,,CDI,grtgaz,DPO,Data,Expert
165,2022-12-19,Consultant(e) confirmé SAS / BI H/F,"sas, digital, dataiku",paris,,,CDI,business&decision,Business intelligence,Business,Expert
166,2022-12-29,Stage - Data Engineer H/F,"support, python, sql, hadoop, big data",île-de-france,,,Stage,safran,Data ingenier,Data,Ingénieur
167,2023-01-08,Stage : Modélisation de bus numériques dans l'outil PLM 3DExperience,"plm, outils, système, cloud, communication",île-de-france,,,Stage,dassault aviation,Other,Other,Stage/Alternance/Apprenti
168,2022-12-16,Architecte Technique Senior - SQUADEASY,"outils, swift, android, si, unix",paris,,,CDI,paris&co,Chef de projets,Support,Architecte
169,2022-12-21,IS Analyst Customer Service (Danone IS/IT for Sales applications),"support, sap, cloud, agile, middleware",saint-ouen,,,CDI,danone,Business analyst,Business,Analyst
170,2022-12-18,Stage Marketing/Statistique sur le pricing de nos produits- H/F,"marketing, iaas, paas, saas",paris,,,Stage,cegid,Marketing,Business,Stage/Alternance/Apprenti
171,2023-01-05,TECHNICAL LEADER SENIOR HADOOP / BIG DATA-(H/F),"hadoop, agile, maintenance, scala, système",fontenay-sous-bois,,,CDI,societe generale,Big Data,Data,Technicien
172,2023-01-02,Consultant Avant-Vente Sauvegarde F/H,"cloud, unix, aix, ux, support",île-de-france,,,CDI,vinci,Commercial,Support,Expert
173,2023-01-14,CHEF DE PROJETS IT DIGITAUX F/H,"marketing, optimisation, c, exchange, digital",paris,,,CDI,cdiscount,Chef de projets,Support,Managment
174,2023-01-12,Ingénieur Système Unix/Linux H/F,"linux, unix, système, infrastructure, support",paris,38000.0,55000.0,CDI,uniware global services,Developpement logiciel,Génie informatique,Ingénieur
175,2022-12-29,Ingénieur développement logiciel embarqué H/F,"test, linux, windows, sécurité, securité",île-de-france,,,CDI,safran,Developpement logiciel,Génie informatique,Ingénieur
176,2022-12-16,Ingénieur Support Applicatif F/H,"digital, support, devops, web, android",paris,,,CDI,kisio,Developpement application,Génie informatique,Ingénieur
177,2022-12-24,Correspondant(e) à la Protection des Données personnelles-(H/F),"communication, outils, digital",la-defense,,,CDI,societe generale,DPO,Data,Autre
178,2023-01-09,Apprenti(e) – Business Analyst AMOA (Information Management Office - IMO) H/F,"marketing, digital, agile, outils, database",paris,,,Contrat d'apprentissage,air france,Business analyst,Business,Analyst
179,2022-12-29,Ingénieur Traitements de données H/F,"outils, qt, c++, linux, windows",île-de-france,,,CDI,safran,Data ingenier,Data,Ingénieur
180,2022-12-16,"Responsable Technique Web - Poste en interne (client final réputé) - Projet de transformation –Grand Groupe, Paris, CDI 65-70 k€","web, spring, si, sécurité, digital",paris,65000.0,70000.0,CDI,mr search,Developpement web,Génie informatique,Managment
181,2023-01-01,Ingénieur Logiciel - JAVA H/F,"java, support, outils, c++, système",bagneux,,,CDI,naval,Developpement logiciel,Génie informatique,Ingénieur
182,2022-12-18,Alternance - Datascientist junior - H/F,"réseau, machine learning, outils, sas, big data",nanterre,,,Contrat de professionnalisation,edf france,Data scientist,Data,Scientist
183,2022-12-25,Ingénieur Etudes et Développement BI (stagiaire) F/H,"java, outils, decisionnel, t-sql, sql",saint-germain-en-laye,,,Stage,trimane,Business intelligence,Business,Ingénieur
184,2023-01-02,Analyste fonctionnel SAP SD F/H,"sap, communication, outils, business intelligence, système",île-de-france,,,CDI,vinci,Business analyst,Business,Analyst
185,2023-01-09,Assistant(e) comptable-(H/F),,fontenay-sous-bois,,,CDI,societe generale,Other,Other,Autre
186,2023-01-05,Spécialiste Modélisation Dynamique de la performance Atelier Montage H/F,"outils, système",vélizy-villacoublay,,,CDI,psa,Other,Other,Expert
187,2022-12-29,Référent(e) Conformité Regulatory Expertise Oversight / Responsable Data Protection et Digital-(H/F),"digital, communication, support, réseau",la-defense,,,CDI,societe generale,DPO,Data,Expert
188,2022-12-18,Ingénieur d'affaires IT Grands Comptes Paris H/F,"iaas, paas, saas, système, progiciel",paris,,,CDI,cegid,Commercial,Support,Ingénieur
189,2022-12-29,Stage Tableau de bord 'data centric' pour le pilotage activités de vérification H/F,"test, support",île-de-france,,,Stage,safran,Data viz,Data,Stage/Alternance/Apprenti
190,2023-01-07,Ingénieur Cyber-sécurité produit H/F,"sécurité, securité, c++, réseau, validation",île-de-france,,,CDI,safran,Cyber,Net,Ingénieur
191,2023-01-01,ALTERNANT - Concepteur logiciel H/F,"java, système, serveur, outils, uml",bagneux,,,CDI,naval,Developpement logiciel,Génie informatique,Ingénieur
192,2022-12-26,Chef de projet recette H/F,"recette, outils, e-commerce, support",île-de-france,,,CDI,printemps,Chef de projets,Support,Managment
193,2022-12-26,Chef de Projets Recette H/F,"recette, e-commerce, outils, marketing, support",paris,,,CDI,printemps,Chef de projets,Support,Managment
194,2023-01-01,ALTERNANCE - Concepteur logiciel H/F,"java, système",bagneux,,,CDI,naval,Developpement logiciel,Génie informatique,Ingénieur
195,2023-01-14,Equity Pricing Library Project Manager (H/F),"support, outils, progiciel, si, sécurité",île-de-france,,,CDI,natixis,Other,Other,Managment
196,2023-01-02,Ingénieur Avant-Vente F/H,"communication, agile, si, réseau, securité",nanterre,,,CDI,vinci,Commercial,Support,Ingénieur
197,2023-01-02,Technicien Informatique – Centre de Support F/H,"support, sap, windows, communication, itil",saint-denis,,,CDI,vinci,Technicien informatique,Génie informatique,Technicien
198,2023-01-05,Alternance - Assistant Knowledge User Experience-(H/F),"outils, design, si, marketing, illustrator",la-defense,,,CDI,societe generale,Other,Other,Stage/Alternance/Apprenti
199,2023-01-01,Concepteur logiciel H/F,"c++, c, java, système, support",bagneux,,,CDI,naval,Developpement logiciel,Génie informatique,Ingénieur
200,2023-01-13,Alternance - Chargé de Sécurité et Risque Opérationnel Infrastructure IT Reseau-(H/F),"sécurité, securité, réseau, infrastructure, firewall",fontenay-sous-bois,,,CDI,societe generale,Cyber,Net,Stage/Alternance/Apprenti
201,2022-12-24,Référent Applicatif - Expert ICM (H/F),"support, recette, sql, maintenance, outils",île-de-france,,,CDI,natixis,Developpement application,Génie informatique,Expert
202,2022-12-30,DEVELOPPEUR AGILE-(H/F),"agile, sql, support, python, bootstrap",courbevoie,,,CDI,societe generale,Developpement agile,Génie informatique,Développeur
203,2022-12-24,TECHNICAL LEADER H/F-(H/F),"agile, sql, support, python, bootstrap",fontenay-sous-bois,,,CDI,societe generale,Other,Other,Technicien
204,2022-12-25,AUDITEUR INTERNE - FILIERE RISQUES-(H/F),"sécurité, securité, communication, méthodologie",la-defense,,,CDI,societe generale,Auditeur/Expert,Support,Expert
205,2023-01-14,Internship: Root Cause Analysis in complex distributed systems (H/F),"cloud, réseau, système, infrastructure, c++",nozay,,,CDI,nokia,Other,Other,Autre
206,2023-01-02,DEVELOPPEUR AGILE-(H/F),"agile, sql, support, python, bootstrap",la-defense,,,CDI,societe generale,Developpement agile,Génie informatique,Développeur
207,2022-12-24,DEVELOPPEUR AGILE-(H/F),"agile, sql, support, python, bootstrap",la-defense,,,CDI,societe generale,Developpement agile,Génie informatique,Développeur
208,2022-12-16,Ingénieur Systèmes Windows H/F,"système, windows, microsoft, cloud, maintenance",nanterre,45000.0,55000.0,CDI,experteam,Developpement logiciel,Génie informatique,Ingénieur
209,2022-12-24,Lead Developer – Expert Java Full Stack (H/F),"java, soa, json, si, git",île-de-france,,,CDI,natixis,Developpement full stack,Génie informatique,Expert
210,2023-01-01,ALTERNANCE - Concepteur logiciel H/F,"système, uml, outils, java, xml",bagneux,,,CDI,naval,Developpement logiciel,Génie informatique,Ingénieur
211,2022-12-24,Concepteur Développeur (H/F),"outils, .net, vba, c#, windows",île-de-france,,,CDI,natixis,Developpement logiciel,Génie informatique,Ingénieur
212,2022-12-24,Architecte Technique-(H/F),"si, securité, sécurité, big data, cloud",fontenay-sous-bois,,,CDI,societe generale,Chef de projets,Support,Architecte
213,2022-12-25,Alternance - Chargé d'Etudes et Développement Informatique Java - Bigdata-(H/F),"si, java, support, big data, agile",fontenay-sous-bois,,,CDI,societe generale,Big Data,Data,Stage/Alternance/Apprenti
214,2022-12-23,Consultant MSBI (H/F),"sap, si, moa, informatica, maintenance",nanterre,,,CDD/Intérim,aladium,Business intelligence,Business,Expert
215,2023-01-01,Architecte Cybersécurité H/F,"securité, sécurité, système, réseau",bagneux,,,CDI,naval,Cyber,Net,Architecte
216,2022-12-24,Stage - Développeur / Software Craftsmanship-(H/F),"outils, web, si, sql, sql server",la-defense,,,CDI,societe generale,Developpement logiciel,Génie informatique,Développeur
217,2023-01-01,ALTERNANCE - Concepteur logiciel H/F,"c++, java, système, c, test",bagneux,,,CDI,naval,Developpement logiciel,Génie informatique,Ingénieur
218,2023-01-01,Architecte logiciel H/F,"système, support, validation, securité, outils",bagneux,,,CDI,naval,Developpement logiciel,Génie informatique,Architecte
219,2023-01-12,Expert Infrastructures-(H/F),"sécurité, si, support, securité, réseau",fontenay-sous-bois,,,CDI,societe generale,Infrastructures,Net,Expert
220,2022-12-29,Expert Infrastructures Scheduling-(H/F),"python, support, shell, sécurité, linux",la-defense,,,CDI,societe generale,Infrastructures,Net,Expert
221,2022-12-29,Référent Applicatif Business Intelligence Bi4 H/F,"sap, outils, système, si, business intelligence",île-de-france,,,CDI,safran,Business intelligence,Business,Managment
222,2023-01-01,Concepteur logiciel H/F,"système, outils, sécurité, support, securité",bagneux,,,CDI,naval,Developpement logiciel,Génie informatique,Ingénieur
223,2023-01-14,Responsable de l’Architecture & Interopérabilité - H/F,"outils, si, sécurité, support, securité",paris,,,CDI,ramsay,Business intelligence,Business,Managment
224,2023-01-02,Chef de projet Senior Risque de Crédit (H/F),"réseau, securité, blockchain, sécurité, big data",île-de-france,,,CDI,natixis,Chef de projets,Support,Managment
225,2022-12-19,SAP Fiori Developer (H/F),"sap, abap, progiciel, système, support",saint-ouen,,,CDI,engie,Business intelligence,Business,Développeur
226,2023-01-12,ENGIE Digital - Architecte Données (H/F),"digital, outils, securité, sécurité, t-sql",paris,,,CDI,engie,Data architecte,Data,Architecte
227,2023-01-14,Quality Assurance - Lead QA - Lead Acceptance H/F,"test, serveur, jquery, mobile, tdd",boulogne-billancourt,,,CDI,francaise des jeux,Responsable qualité,Support,Autre
228,2022-12-30,DATA SCIENTIST,"nosql, unix, java, machine learning, linux",neuilly-sur-seine,38000.0,50000.0,CDI,beezen,Data scientist,Data,Scientist
229,2023-01-12,Datascientist (H/F),"big data, support, python, réseau, securité",saint-ouen,,,CDI,engie,Data scientist,Data,Scientist
